timestamp,dominant_viseme,laugh_score,sil,PP,FF,TH,DD,kk,CH,SS,nn,RR,aa,E,I,O,U
0.0,sil,0.0,0.0,0.0,0.0,0.0,0.0,0.0,0.0,0.0,0.0,0.0,0.0,0.0,0.0,0.0,0.0
0.021333333333333333,aa,0.2989954352378845,0.25251138962839215,0.29899544414864315,0.0,0.0,0.0,0.0,0.0,0.0,0.0,0.0,0.4484931662229647,0.0,0.0,0.0,0.0
0.042666666666666665,aa,0.48059189319610596,0.0,0.4,0.0,0.0,0.0,0.0,0.0,0.0,0.0,0.0,0.6,0.0,0.0,0.0,0.0
0.064,aa,0.560665488243103,0.0,0.4,0.0,0.0,0.0,0.0,0.0,0.0,0.0,0.0,0.6,0.0,0.0,0.0,0.0
0.08533333333333333,aa,0.5728120803833008,0.0,0.4,0.0,0.0,0.0,0.0,0.0,0.0,0.0,0.0,0.6,0.0,0.0,0.0,0.0
0.10666666666666667,aa,0.537074089050293,0.0,0.4,0.0,0.0,0.0,0.0,0.0,0.0,0.0,0.0,0.6,0.0,0.0,0.0,0.0
0.128,aa,0.4851963520050049,0.0,0.4,0.0,0.0,0.0,0.0,0.0,0.0,0.0,0.0,0.6,0.0,0.0,0.0,0.0
0.14933333333333335,aa,0.38537275791168213,0.03656810522079468,0.38537275791168213,0.0,0.0,0.0,0.0,0.0,0.0,0.0,0.0,0.5780591368675232,0.0,0.0,0.0,0.0
0.17066666666666666,aa,0.36282414197921753,0.09293962078926687,0.3628241636052229,0.0,0.0,0.0,0.0,0.0,0.0,0.0,0.0,0.5442362156055102,0.0,0.0,0.0,0.0
0.192,aa,0.4451090693473816,0.0,0.4000000107128163,0.0,0.0,0.0,0.0,0.0,0.0,0.0,0.0,0.5999999892871837,0.0,0.0,0.0,0.0
0.21333333333333335,aa,0.4049188494682312,0.0,0.40000001177611694,0.0,0.0,0.0,0.0,0.0,0.0,0.0,0.0,0.599999988223883,0.0,0.0,0.0,0.0
0.23466666666666666,aa,0.41362905502319336,0.0,0.4,0.0,0.0,0.0,0.0,0.0,0.0,0.0,0.0,0.6,0.0,0.0,0.0,0.0
0.256,aa,0.365978479385376,0.08505380153656006,0.365978479385376,0.0,0.0,0.0,0.0,0.0,0.0,0.0,0.0,0.548967719078064,0.0,0.0,0.0,0.0
0.2773333333333333,aa,0.3137253522872925,0.2156866192817688,0.3137253522872925,0.0,0.0,0.0,0.0,0.0,0.0,0.0,0.0,0.4705880284309387,0.0,0.0,0.0,0.0
0.2986666666666667,aa,0.25544077157974243,0.36139809008246393,0.25544076396701443,0.0,0.0,0.0,0.0,0.0,0.0,0.0,0.0,0.38316114595052164,0.0,0.0,0.0,0.0
0.32,sil,0.2395285964012146,0.4011784911506918,0.23952860353972327,0.0,0.0,0.0,0.0,0.0,0.0,0.0,0.0,0.3592929053095849,0.0,0.0,0.0,0.0
0.3413333333333333,aa,0.25153231620788574,0.37116920948028564,0.25153231620788574,0.0,0.0,0.0,0.0,0.0,0.0,0.0,0.0,0.3772984743118286,0.0,0.0,0.0,0.0
0.3626666666666667,sil,0.23108386993408203,0.4222903251647949,0.23108386993408203,0.0,0.0,0.0,0.0,0.0,0.0,0.0,0.0,0.34662580490112305,0.0,0.0,0.0,0.0
0.384,sil,0.17879557609558105,0.5530110597610474,0.17879557609558105,0.0,0.0,0.0,0.0,0.0,0.0,0.0,0.0,0.2681933641433716,0.0,0.0,0.0,0.0
0.4053333333333333,sil,0.12854677438735962,0.6786330736090816,0.12854677055636732,0.0,0.0,0.0,0.0,0.0,0.0,0.0,0.0,0.19282015583455098,0.0,0.0,0.0,0.0
0.4266666666666667,sil,0.0,0.8697297313889941,0.052108107444402356,0.0,0.0,0.0,0.0,0.0,0.0,0.0,0.0,0.07816216116660353,0.0,0.0,0.0,0.0
0.448,sil,0.0,0.8915632036794187,0.043374718528232534,0.0,0.0,0.0,0.0,0.0,0.0,0.0,0.0,0.0650620777923488,0.0,0.0,0.0,0.0
0.4693333333333333,sil,0.0,0.8884756829880381,0.04460972680478474,0.0,0.0,0.0,0.0,0.0,0.0,0.0,0.0,0.0669145902071771,0.0,0.0,0.0,0.0
0.49066666666666664,sil,0.0,0.9069537194655454,0.03721851221378184,0.0,0.0,0.0,0.0,0.0,0.0,0.0,0.0,0.05582776832067276,0.0,0.0,0.0,0.0
0.512,sil,0.10755378007888794,0.731115557816161,0.10755377687353561,0.0,0.0,0.0,0.0,0.0,0.0,0.0,0.0,0.1613306653103034,0.0,0.0,0.0,0.0
0.5333333333333333,aa,0.3300732970237732,0.17481673284818927,0.3300733068607243,0.0,0.0,0.0,0.0,0.0,0.0,0.0,0.0,0.49510996029108645,0.0,0.0,0.0,0.0
0.5546666666666666,aa,0.35124510526657104,0.12188721429629411,0.351245126202412,0.0,0.0,0.0,0.0,0.0,0.0,0.0,0.0,0.5268676595012939,0.0,0.0,0.0,0.0
0.576,aa,0.283339262008667,0.2916518449783325,0.283339262008667,0.0,0.0,0.0,0.0,0.0,0.0,0.0,0.0,0.4250088930130005,0.0,0.0,0.0,0.0
0.5973333333333334,aa,0.2518947720527649,0.3702630886357102,0.2518947645457159,0.0,0.0,0.0,0.0,0.0,0.0,0.0,0.0,0.37784214681857387,0.0,0.0,0.0,0.0
0.6186666666666667,sil,0.1899924874305725,0.5250187955791117,0.18999248176835531,0.0,0.0,0.0,0.0,0.0,0.0,0.0,0.0,0.284988722652533,0.0,0.0,0.0,0.0
0.64,sil,0.17343372106552124,0.5664156844143774,0.17343372623424907,0.0,0.0,0.0,0.0,0.0,0.0,0.0,0.0,0.2601505893513736,0.0,0.0,0.0,0.0
0.6613333333333333,sil,0.17164278030395508,0.5708930492401123,0.17164278030395508,0.0,0.0,0.0,0.0,0.0,0.0,0.0,0.0,0.2574641704559326,0.0,0.0,0.0,0.0
0.6826666666666666,sil,0.16132432222366333,0.59668920646044,0.161324317415824,0.0,0.0,0.0,0.0,0.0,0.0,0.0,0.0,0.24198647612373603,0.0,0.0,0.0,0.0
0.704,sil,0.13260740041732788,0.6684814890766587,0.1326074043693365,0.0,0.0,0.0,0.0,0.0,0.0,0.0,0.0,0.19891110655400474,0.0,0.0,0.0,0.0
0.7253333333333334,sil,0.0,0.8186469078063965,0.0725412368774414,0.0,0.0,0.0,0.0,0.0,0.0,0.0,0.0,0.10881185531616211,0.0,0.0,0.0,0.0
0.7466666666666667,sil,0.0,0.8416475998864293,0.06334096004542827,0.0,0.0,0.0,0.0,0.0,0.0,0.0,0.0,0.09501144006814241,0.0,0.0,0.0,0.0
0.768,sil,0.0,0.8144814372062683,0.07420742511749268,0.0,0.0,0.0,0.0,0.0,0.0,0.0,0.0,0.11131113767623901,0.0,0.0,0.0,0.0
0.7893333333333333,sil,0.0,0.8818156123161316,0.04727375507354736,0.0,0.0,0.0,0.0,0.0,0.0,0.0,0.0,0.07091063261032104,0.0,0.0,0.0,0.0
0.8106666666666666,sil,0.0,0.8934023114024904,0.04263907543900384,0.0,0.0,0.0,0.0,0.0,0.0,0.0,0.0,0.06395861315850576,0.0,0.0,0.0,0.0
0.832,sil,0.0,0.9421779828614598,0.023128806855416094,0.0,0.0,0.0,0.0,0.0,0.0,0.0,0.0,0.03469321028312414,0.0,0.0,0.0,0.0
0.8533333333333334,sil,0.0,0.0,0.0,0.0,0.0,0.0,0.0,0.0,0.0,0.0,0.0,0.0,0.0,0.0,0.0,0.0
0.8746666666666667,sil,0.0,0.0,0.0,0.0,0.0,0.0,0.0,0.0,0.0,0.0,0.0,0.0,0.0,0.0,0.0,0.0
0.896,sil,0.0,0.0,0.0,0.0,0.0,0.0,0.0,0.0,0.0,0.0,0.0,0.0,0.0,0.0,0.0,0.0
0.9173333333333333,sil,0.0,0.0,0.0,0.0,0.0,0.0,0.0,0.0,0.0,0.0,0.0,0.0,0.0,0.0,0.0,0.0
0.9386666666666666,sil,0.0,0.0,0.0,0.0,0.0,0.0,0.0,0.0,0.0,0.0,0.0,0.0,0.0,0.0,0.0,0.0
0.96,sil,0.0,0.0,0.0,0.0,0.0,0.0,0.0,0.0,0.0,0.0,0.0,0.0,0.0,0.0,0.0,0.0
0.9813333333333333,sil,0.0,0.0,0.0,0.0,0.0,0.0,0.0,0.0,0.0,0.0,0.0,0.0,0.0,0.0,0.0,0.0
1.0026666666666666,sil,0.0,0.0,0.0,0.0,0.0,0.0,0.0,0.0,0.0,0.0,0.0,0.0,0.0,0.0,0.0,0.0
1.024,sil,0.0,0.0,0.0,0.0,0.0,0.0,0.0,0.0,0.0,0.0,0.0,0.0,0.0,0.0,0.0,0.0
1.0453333333333332,sil,0.0,0.0,0.0,0.0,0.0,0.0,0.0,0.0,0.0,0.0,0.0,0.0,0.0,0.0,0.0,0.0
1.0666666666666667,sil,0.0,0.0,0.0,0.0,0.0,0.0,0.0,0.0,0.0,0.0,0.0,0.0,0.0,0.0,0.0,0.0
1.088,sil,0.0,0.0,0.0,0.0,0.0,0.0,0.0,0.0,0.0,0.0,0.0,0.0,0.0,0.0,0.0,0.0
1.1093333333333333,sil,0.0,0.0,0.0,0.0,0.0,0.0,0.0,0.0,0.0,0.0,0.0,0.0,0.0,0.0,0.0,0.0
1.1306666666666667,sil,0.0,0.0,0.0,0.0,0.0,0.0,0.0,0.0,0.0,0.0,0.0,0.0,0.0,0.0,0.0,0.0
1.152,sil,0.0,0.0,0.0,0.0,0.0,0.0,0.0,0.0,0.0,0.0,0.0,0.0,0.0,0.0,0.0,0.0
1.1733333333333333,sil,0.0,0.0,0.0,0.0,0.0,0.0,0.0,0.0,0.0,0.0,0.0,0.0,0.0,0.0,0.0,0.0
1.1946666666666668,sil,0.0,0.0,0.0,0.0,0.0,0.0,0.0,0.0,0.0,0.0,0.0,0.0,0.0,0.0,0.0,0.0
1.216,sil,0.0,0.0,0.0,0.0,0.0,0.0,0.0,0.0,0.0,0.0,0.0,0.0,0.0,0.0,0.0,0.0
1.2373333333333334,sil,0.0,0.0,0.0,0.0,0.0,0.0,0.0,0.0,0.0,0.0,0.0,0.0,0.0,0.0,0.0,0.0
1.2586666666666666,sil,0.0,0.0,0.0,0.0,0.0,0.0,0.0,0.0,0.0,0.0,0.0,0.0,0.0,0.0,0.0,0.0
1.28,sil,0.0,0.0,0.0,0.0,0.0,0.0,0.0,0.0,0.0,0.0,0.0,0.0,0.0,0.0,0.0,0.0
1.3013333333333332,sil,0.0,0.0,0.0,0.0,0.0,0.0,0.0,0.0,0.0,0.0,0.0,0.0,0.0,0.0,0.0,0.0
1.3226666666666667,sil,0.0,0.0,0.0,0.0,0.0,0.0,0.0,0.0,0.0,0.0,0.0,0.0,0.0,0.0,0.0,0.0
1.344,sil,0.0,0.0,0.0,0.0,0.0,0.0,0.0,0.0,0.0,0.0,0.0,0.0,0.0,0.0,0.0,0.0
1.3653333333333333,sil,0.0,0.0,0.0,0.0,0.0,0.0,0.0,0.0,0.0,0.0,0.0,0.0,0.0,0.0,0.0,0.0
1.3866666666666667,sil,0.0,0.0,0.0,0.0,0.0,0.0,0.0,0.0,0.0,0.0,0.0,0.0,0.0,0.0,0.0,0.0
1.408,sil,0.0,0.0,0.0,0.0,0.0,0.0,0.0,0.0,0.0,0.0,0.0,0.0,0.0,0.0,0.0,0.0
1.4293333333333333,sil,0.0,0.0,0.0,0.0,0.0,0.0,0.0,0.0,0.0,0.0,0.0,0.0,0.0,0.0,0.0,0.0
1.4506666666666668,sil,0.0,0.0,0.0,0.0,0.0,0.0,0.0,0.0,0.0,0.0,0.0,0.0,0.0,0.0,0.0,0.0
1.472,sil,0.0,0.0,0.0,0.0,0.0,0.0,0.0,0.0,0.0,0.0,0.0,0.0,0.0,0.0,0.0,0.0
1.4933333333333334,sil,0.0,0.0,0.0,0.0,0.0,0.0,0.0,0.0,0.0,0.0,0.0,0.0,0.0,0.0,0.0,0.0
1.5146666666666666,sil,0.0,0.0,0.0,0.0,0.0,0.0,0.0,0.0,0.0,0.0,0.0,0.0,0.0,0.0,0.0,0.0
1.536,sil,0.0,0.0,0.0,0.0,0.0,0.0,0.0,0.0,0.0,0.0,0.0,0.0,0.0,0.0,0.0,0.0
1.5573333333333332,sil,0.0,0.0,0.0,0.0,0.0,0.0,0.0,0.0,0.0,0.0,0.0,0.0,0.0,0.0,0.0,0.0
1.5786666666666667,sil,0.0,0.9186264002732515,0.03254943989069939,0.0,0.0,0.0,0.0,0.0,0.0,0.0,0.0,0.04882415983604908,0.0,0.0,0.0,0.0
1.6,sil,0.16538012027740479,0.586549699306488,0.16538012027740479,0.0,0.0,0.0,0.0,0.0,0.0,0.0,0.0,0.24807018041610718,0.0,0.0,0.0,0.0
1.6213333333333333,sil,0.18555998802185059,0.5361000299453735,0.18555998802185059,0.0,0.0,0.0,0.0,0.0,0.0,0.0,0.0,0.2783399820327759,0.0,0.0,0.0,0.0
1.6426666666666667,sil,0.23812919855117798,0.40467702136406236,0.23812919145437506,0.0,0.0,0.0,0.0,0.0,0.0,0.0,0.0,0.3571937871815626,0.0,0.0,0.0,0.0
1.664,aa,0.2795594334602356,0.3011014371782113,0.27955942512871546,0.0,0.0,0.0,0.0,0.0,0.0,0.0,0.0,0.41933913769307324,0.0,0.0,0.0,0.0
1.6853333333333333,sil,0.17669373750686646,0.5582656693975427,0.1766937322409829,0.0,0.0,0.0,0.0,0.0,0.0,0.0,0.0,0.2650405983614743,0.0,0.0,0.0,0.0
1.7066666666666668,aa,0.2537459135055542,0.3656352162361145,0.2537459135055542,0.0,0.0,0.0,0.0,0.0,0.0,0.0,0.0,0.3806188702583313,0.0,0.0,0.0,0.0
1.728,aa,0.433052659034729,0.0,0.4,0.0,0.0,0.0,0.0,0.0,0.0,0.0,0.0,0.6,0.0,0.0,0.0,0.0
1.7493333333333334,aa,0.4960516095161438,0.0,0.39999999038734807,0.0,0.0,0.0,0.0,0.0,0.0,0.0,0.0,0.600000009612652,0.0,0.0,0.0,0.0
1.7706666666666666,aa,0.5069600939750671,0.0,0.4000000094058127,0.0,0.0,0.0,0.0,0.0,0.0,0.0,0.0,0.5999999905941873,0.0,0.0,0.0,0.0
1.792,aa,0.48258310556411743,0.0,0.39999999011906673,0.0,0.0,0.0,0.0,0.0,0.0,0.0,0.0,0.6000000098809333,0.0,0.0,0.0,0.0
1.8133333333333332,aa,0.3974444270133972,0.006388903044992867,0.3974444507029325,0.0,0.0,0.0,0.0,0.0,0.0,0.0,0.0,0.5961666462520746,0.0,0.0,0.0,0.0
1.8346666666666667,aa,0.2754170298576355,0.31145740483574286,0.27541703806570283,0.0,0.0,0.0,0.0,0.0,0.0,0.0,0.0,0.4131255570985543,0.0,0.0,0.0,0.0
1.856,sil,0.13255083560943604,0.6686229109764099,0.13255083560943604,0.0,0.0,0.0,0.0,0.0,0.0,0.0,0.0,0.19882625341415405,0.0,0.0,0.0,0.0
1.8773333333333333,sil,0.0,0.9437449889259044,0.022502004429638255,0.0,0.0,0.0,0.0,0.0,0.0,0.0,0.0,0.03375300664445738,0.0,0.0,0.0,0.0
1.8986666666666667,sil,0.0,0.0,0.0,0.0,0.0,0.0,0.0,0.0,0.0,0.0,0.0,0.0,0.0,0.0,0.0,0.0
1.92,sil,0.22111749649047852,0.4472062587738037,0.22111749649047852,0.0,0.0,0.0,0.0,0.0,0.0,0.0,0.0,0.3316762447357178,0.0,0.0,0.0,0.0
1.9413333333333334,aa,0.3775768280029297,0.05605792999267578,0.3775768280029297,0.0,0.0,0.0,0.0,0.0,0.0,0.0,0.0,0.5663652420043945,0.0,0.0,0.0,0.0
1.9626666666666666,aa,0.43229037523269653,0.0,0.39999998896951744,0.0,0.0,0.0,0.0,0.0,0.0,0.0,0.0,0.6000000110304826,0.0,0.0,0.0,0.0
1.984,aa,0.46596062183380127,0.0,0.4,0.0,0.0,0.0,0.0,0.0,0.0,0.0,0.0,0.6,0.0,0.0,0.0,0.0
2.005333333333333,aa,0.47020435333251953,0.0,0.4,0.0,0.0,0.0,0.0,0.0,0.0,0.0,0.0,0.6,0.0,0.0,0.0,0.0
2.026666666666667,aa,0.43693894147872925,0.0,0.40000001091313053,0.0,0.0,0.0,0.0,0.0,0.0,0.0,0.0,0.5999999890868695,0.0,0.0,0.0,0.0
2.048,aa,0.45085471868515015,0.0,0.40000001057629325,0.0,0.0,0.0,0.0,0.0,0.0,0.0,0.0,0.5999999894237068,0.0,0.0,0.0,0.0
2.0693333333333332,aa,0.39069080352783203,0.023272991180419922,0.39069080352783203,0.0,0.0,0.0,0.0,0.0,0.0,0.0,0.0,0.586036205291748,0.0,0.0,0.0,0.0
2.0906666666666665,aa,0.3448238968849182,0.1379402793681455,0.34482387633181355,0.0,0.0,0.0,0.0,0.0,0.0,0.0,0.0,0.517235844300041,0.0,0.0,0.0,0.0
2.112,sil,0.13065087795257568,0.6733728051185608,0.13065087795257568,0.0,0.0,0.0,0.0,0.0,0.0,0.0,0.0,0.19597631692886353,0.0,0.0,0.0,0.0
2.1333333333333333,sil,0.0,0.9223792552947998,0.031048297882080078,0.0,0.0,0.0,0.0,0.0,0.0,0.0,0.0,0.04657244682312012,0.0,0.0,0.0,0.0
2.1546666666666665,sil,0.0,0.8928786782288157,0.0428485287084737,0.0,0.0,0.0,0.0,0.0,0.0,0.0,0.0,0.06427279306271055,0.0,0.0,0.0,0.0
2.176,sil,0.17395073175430298,0.5651231835745817,0.17395072657016736,0.0,0.0,0.0,0.0,0.0,0.0,0.0,0.0,0.260926089855251,0.0,0.0,0.0,0.0
2.1973333333333334,sil,0.24675613641738892,0.383109677341292,0.2467561290634832,0.0,0.0,0.0,0.0,0.0,0.0,0.0,0.0,0.3701341935952248,0.0,0.0,0.0,0.0
2.2186666666666666,sil,0.16222882270812988,0.5944279432296753,0.16222882270812988,0.0,0.0,0.0,0.0,0.0,0.0,0.0,0.0,0.24334323406219482,0.0,0.0,0.0,0.0
2.24,sil,0.11468201875686646,0.7132949616523099,0.11468201533907606,0.0,0.0,0.0,0.0,0.0,0.0,0.0,0.0,0.1720230230086141,0.0,0.0,0.0,0.0
2.2613333333333334,sil,0.0,0.7814501756861858,0.08741992972552567,0.0,0.0,0.0,0.0,0.0,0.0,0.0,0.0,0.1311298945882885,0.0,0.0,0.0,0.0
2.2826666666666666,sil,0.0,0.8181036114692688,0.07275855541229248,0.0,0.0,0.0,0.0,0.0,0.0,0.0,0.0,0.10913783311843872,0.0,0.0,0.0,0.0
2.304,sil,0.0,0.87192302942276,0.051230788230895996,0.0,0.0,0.0,0.0,0.0,0.0,0.0,0.0,0.076846182346344,0.0,0.0,0.0,0.0
2.3253333333333335,sil,0.0,0.9278560280799866,0.02885758876800537,0.0,0.0,0.0,0.0,0.0,0.0,0.0,0.0,0.04328638315200806,0.0,0.0,0.0,0.0
2.3466666666666667,sil,0.0,0.9459120631217957,0.02163517475128174,0.0,0.0,0.0,0.0,0.0,0.0,0.0,0.0,0.03245276212692261,0.0,0.0,0.0,0.0
2.368,sil,0.0,0.0,0.0,0.0,0.0,0.0,0.0,0.0,0.0,0.0,0.0,0.0,0.0,0.0,0.0,0.0
2.3893333333333335,sil,0.0,0.9258589744567871,0.029656410217285156,0.0,0.0,0.0,0.0,0.0,0.0,0.0,0.0,0.044484615325927734,0.0,0.0,0.0,0.0
2.4106666666666667,sil,0.10762828588485718,0.7309292772689246,0.10762828909243015,0.0,0.0,0.0,0.0,0.0,0.0,0.0,0.0,0.16144243363864522,0.0,0.0,0.0,0.0
2.432,sil,0.11535876989364624,0.711603066670986,0.11535877333160559,0.0,0.0,0.0,0.0,0.0,0.0,0.0,0.0,0.1730381599974084,0.0,0.0,0.0,0.0
2.453333333333333,sil,0.11470627784729004,0.7132343053817749,0.11470627784729004,0.0,0.0,0.0,0.0,0.0,0.0,0.0,0.0,0.17205941677093506,0.0,0.0,0.0,0.0
2.474666666666667,sil,0.11872076988220215,0.7031980752944946,0.11872076988220215,0.0,0.0,0.0,0.0,0.0,0.0,0.0,0.0,0.17808115482330322,0.0,0.0,0.0,0.0
2.496,sil,0.13263481855392456,0.6684129437331242,0.1326348225067503,0.0,0.0,0.0,0.0,0.0,0.0,0.0,0.0,0.19895223376012544,0.0,0.0,0.0,0.0
2.517333333333333,sil,0.10052597522735596,0.7486850619316101,0.10052597522735596,0.0,0.0,0.0,0.0,0.0,0.0,0.0,0.0,0.15078896284103394,0.0,0.0,0.0,0.0
2.538666666666667,sil,0.0,0.781070351600647,0.08757185935974121,0.0,0.0,0.0,0.0,0.0,0.0,0.0,0.0,0.13135778903961182,0.0,0.0,0.0,0.0
2.56,sil,0.0,0.8270605556052758,0.06917577775788969,0.0,0.0,0.0,0.0,0.0,0.0,0.0,0.0,0.10376366663683455,0.0,0.0,0.0,0.0
2.5813333333333333,sil,0.0,0.8705853483255311,0.05176586066978755,0.0,0.0,0.0,0.0,0.0,0.0,0.0,0.0,0.07764879100468132,0.0,0.0,0.0,0.0
2.6026666666666665,sil,0.0,0.9021311075130435,0.0391475569947826,0.0,0.0,0.0,0.0,0.0,0.0,0.0,0.0,0.0587213354921739,0.0,0.0,0.0,0.0
2.624,sil,0.0,0.9225792288780212,0.030968308448791504,0.0,0.0,0.0,0.0,0.0,0.0,0.0,0.0,0.046452462673187256,0.0,0.0,0.0,0.0
2.6453333333333333,sil,0.0,0.0,0.0,0.0,0.0,0.0,0.0,0.0,0.0,0.0,0.0,0.0,0.0,0.0,0.0,0.0
2.6666666666666665,sil,0.0,0.0,0.0,0.0,0.0,0.0,0.0,0.0,0.0,0.0,0.0,0.0,0.0,0.0,0.0,0.0
2.688,sil,0.0,0.0,0.0,0.0,0.0,0.0,0.0,0.0,0.0,0.0,0.0,0.0,0.0,0.0,0.0,0.0
2.7093333333333334,sil,0.0,0.0,0.0,0.0,0.0,0.0,0.0,0.0,0.0,0.0,0.0,0.0,0.0,0.0,0.0,0.0
2.7306666666666666,sil,0.0,0.0,0.0,0.0,0.0,0.0,0.0,0.0,0.0,0.0,0.0,0.0,0.0,0.0,0.0,0.0
2.752,sil,0.0,0.0,0.0,0.0,0.0,0.0,0.0,0.0,0.0,0.0,0.0,0.0,0.0,0.0,0.0,0.0
2.7733333333333334,sil,0.0,0.0,0.0,0.0,0.0,0.0,0.0,0.0,0.0,0.0,0.0,0.0,0.0,0.0,0.0,0.0
2.7946666666666666,sil,0.0,0.0,0.0,0.0,0.0,0.0,0.0,0.0,0.0,0.0,0.0,0.0,0.0,0.0,0.0,0.0
2.816,sil,0.0,0.0,0.0,0.0,0.0,0.0,0.0,0.0,0.0,0.0,0.0,0.0,0.0,0.0,0.0,0.0
2.8373333333333335,sil,0.0,0.0,0.0,0.0,0.0,0.0,0.0,0.0,0.0,0.0,0.0,0.0,0.0,0.0,0.0,0.0
2.8586666666666667,sil,0.0,0.0,0.0,0.0,0.0,0.0,0.0,0.0,0.0,0.0,0.0,0.0,0.0,0.0,0.0,0.0
2.88,sil,0.0,0.0,0.0,0.0,0.0,0.0,0.0,0.0,0.0,0.0,0.0,0.0,0.0,0.0,0.0,0.0
2.9013333333333335,sil,0.0,0.0,0.0,0.0,0.0,0.0,0.0,0.0,0.0,0.0,0.0,0.0,0.0,0.0,0.0,0.0
2.9226666666666667,sil,0.0,0.0,0.0,0.0,0.0,0.0,0.0,0.0,0.0,0.0,0.0,0.0,0.0,0.0,0.0,0.0
2.944,sil,0.0,0.0,0.0,0.0,0.0,0.0,0.0,0.0,0.0,0.0,0.0,0.0,0.0,0.0,0.0,0.0
2.965333333333333,sil,0.0,0.0,0.0,0.0,0.0,0.0,0.0,0.0,0.0,0.0,0.0,0.0,0.0,0.0,0.0,0.0
2.986666666666667,sil,0.0,0.0,0.0,0.0,0.0,0.0,0.0,0.0,0.0,0.0,0.0,0.0,0.0,0.0,0.0,0.0
3.008,sil,0.0,0.0,0.0,0.0,0.0,0.0,0.0,0.0,0.0,0.0,0.0,0.0,0.0,0.0,0.0,0.0
3.029333333333333,sil,0.0,0.0,0.0,0.0,0.0,0.0,0.0,0.0,0.0,0.0,0.0,0.0,0.0,0.0,0.0,0.0
3.050666666666667,sil,0.0,0.0,0.0,0.0,0.0,0.0,0.0,0.0,0.0,0.0,0.0,0.0,0.0,0.0,0.0,0.0
3.072,sil,0.0,0.0,0.0,0.0,0.0,0.0,0.0,0.0,0.0,0.0,0.0,0.0,0.0,0.0,0.0,0.0
3.0933333333333333,sil,0.0,0.0,0.0,0.0,0.0,0.0,0.0,0.0,0.0,0.0,0.0,0.0,0.0,0.0,0.0,0.0
3.1146666666666665,sil,0.0,0.0,0.0,0.0,0.0,0.0,0.0,0.0,0.0,0.0,0.0,0.0,0.0,0.0,0.0,0.0
3.136,sil,0.0,0.0,0.0,0.0,0.0,0.0,0.0,0.0,0.0,0.0,0.0,0.0,0.0,0.0,0.0,0.0
3.1573333333333333,sil,0.0,0.0,0.0,0.0,0.0,0.0,0.0,0.0,0.0,0.0,0.0,0.0,0.0,0.0,0.0,0.0
3.1786666666666665,sil,0.0,0.0,0.0,0.0,0.0,0.0,0.0,0.0,0.0,0.0,0.0,0.0,0.0,0.0,0.0,0.0
3.2,sil,0.15035414695739746,0.6241146326065063,0.15035414695739746,0.0,0.0,0.0,0.0,0.0,0.0,0.0,0.0,0.2255312204360962,0.0,0.0,0.0,0.0
3.2213333333333334,aa,0.3104502558708191,0.22387433719260505,0.310450265122958,0.0,0.0,0.0,0.0,0.0,0.0,0.0,0.0,0.46567539768443694,0.0,0.0,0.0,0.0
3.2426666666666666,aa,0.31279176473617554,0.21802056485475793,0.3127917740580968,0.0,0.0,0.0,0.0,0.0,0.0,0.0,0.0,0.46918766108714527,0.0,0.0,0.0,0.0
3.264,sil,0.12010693550109863,0.6997326612472534,0.12010693550109863,0.0,0.0,0.0,0.0,0.0,0.0,0.0,0.0,0.18016040325164795,0.0,0.0,0.0,0.0
3.2853333333333334,sil,0.0,0.9211159348487854,0.03155362606048584,0.0,0.0,0.0,0.0,0.0,0.0,0.0,0.0,0.04733043909072876,0.0,0.0,0.0,0.0
3.3066666666666666,sil,0.12730610370635986,0.6817347407341003,0.12730610370635986,0.0,0.0,0.0,0.0,0.0,0.0,0.0,0.0,0.1909591555595398,0.0,0.0,0.0,0.0
3.328,aa,0.4813511371612549,0.0,0.4,0.0,0.0,0.0,0.0,0.0,0.0,0.0,0.0,0.6,0.0,0.0,0.0,0.0
3.3493333333333335,aa,0.4676745533943176,0.0,0.39999998980408186,0.0,0.0,0.0,0.0,0.0,0.0,0.0,0.0,0.6000000101959181,0.0,0.0,0.0,0.0
3.3706666666666667,aa,0.35869598388671875,0.10326004028320312,0.35869598388671875,0.0,0.0,0.0,0.0,0.0,0.0,0.0,0.0,0.5380439758300781,0.0,0.0,0.0,0.0
3.392,aa,0.38401198387145996,0.0399700403213501,0.38401198387145996,0.0,0.0,0.0,0.0,0.0,0.0,0.0,0.0,0.5760179758071899,0.0,0.0,0.0,0.0
3.4133333333333336,aa,0.36131417751312256,0.0967145562171936,0.36131417751312256,0.0,0.0,0.0,0.0,0.0,0.0,0.0,0.0,0.5419712662696838,0.0,0.0,0.0,0.0
3.4346666666666668,aa,0.26780641078948975,0.33048397302627563,0.26780641078948975,0.0,0.0,0.0,0.0,0.0,0.0,0.0,0.0,0.4017096161842346,0.0,0.0,0.0,0.0
3.456,sil,0.17591160535812378,0.5602209734982542,0.17591161060069832,0.0,0.0,0.0,0.0,0.0,0.0,0.0,0.0,0.26386741590104745,0.0,0.0,0.0,0.0
3.477333333333333,sil,0.0,0.9297536888645198,0.028098524454192055,0.0,0.0,0.0,0.0,0.0,0.0,0.0,0.0,0.04214778668128808,0.0,0.0,0.0,0.0
3.498666666666667,sil,0.0,0.0,0.0,0.0,0.0,0.0,0.0,0.0,0.0,0.0,0.0,0.0,0.0,0.0,0.0,0.0
3.52,aa,0.2542903423309326,0.36427414417266846,0.2542903423309326,0.0,0.0,0.0,0.0,0.0,0.0,0.0,0.0,0.3814355134963989,0.0,0.0,0.0,0.0
3.541333333333333,aa,0.36168235540390015,0.0957940873976998,0.36168237696184974,0.0,0.0,0.0,0.0,0.0,0.0,0.0,0.0,0.5425235356404504,0.0,0.0,0.0,0.0
3.562666666666667,aa,0.38996797800064087,0.02508008330583076,0.38996795475673945,0.0,0.0,0.0,0.0,0.0,0.0,0.0,0.0,0.5849519619374298,0.0,0.0,0.0,0.0
3.584,aa,0.37160611152648926,0.07098472118377686,0.37160611152648926,0.0,0.0,0.0,0.0,0.0,0.0,0.0,0.0,0.5574091672897339,0.0,0.0,0.0,0.0
3.6053333333333333,aa,0.42609703540802,0.0,0.4,0.0,0.0,0.0,0.0,0.0,0.0,0.0,0.0,0.6,0.0,0.0,0.0,0.0
3.6266666666666665,aa,0.4246314764022827,0.0,0.4,0.0,0.0,0.0,0.0,0.0,0.0,0.0,0.0,0.6,0.0,0.0,0.0,0.0
3.648,aa,0.3472939729690552,0.13176506757736206,0.3472939729690552,0.0,0.0,0.0,0.0,0.0,0.0,0.0,0.0,0.5209409594535828,0.0,0.0,0.0,0.0
3.6693333333333333,aa,0.3679084777832031,0.08022880554199219,0.3679084777832031,0.0,0.0,0.0,0.0,0.0,0.0,0.0,0.0,0.5518627166748047,0.0,0.0,0.0,0.0
3.6906666666666665,aa,0.3873831629753113,0.03154206463945297,0.3873831860651485,0.0,0.0,0.0,0.0,0.0,0.0,0.0,0.0,0.5810747492953986,0.0,0.0,0.0,0.0
3.712,aa,0.3923931121826172,0.01901721954345703,0.3923931121826172,0.0,0.0,0.0,0.0,0.0,0.0,0.0,0.0,0.5885896682739258,0.0,0.0,0.0,0.0
3.7333333333333334,aa,0.4001927375793457,0.0,0.4,0.0,0.0,0.0,0.0,0.0,0.0,0.0,0.0,0.6,0.0,0.0,0.0,0.0
3.7546666666666666,aa,0.4202083945274353,0.0,0.4000000113476356,0.0,0.0,0.0,0.0,0.0,0.0,0.0,0.0,0.5999999886523645,0.0,0.0,0.0,0.0
3.776,aa,0.45407772064208984,0.0,0.4,0.0,0.0,0.0,0.0,0.0,0.0,0.0,0.0,0.6,0.0,0.0,0.0,0.0
3.7973333333333334,aa,0.436474084854126,0.0,0.4,0.0,0.0,0.0,0.0,0.0,0.0,0.0,0.0,0.6,0.0,0.0,0.0,0.0
3.8186666666666667,aa,0.39876365661621094,0.0030908584594726562,0.39876365661621094,0.0,0.0,0.0,0.0,0.0,0.0,0.0,0.0,0.5981454849243164,0.0,0.0,0.0,0.0
3.84,sil,0.18538910150527954,0.5365272600493651,0.18538909598025394,0.0,0.0,0.0,0.0,0.0,0.0,0.0,0.0,0.2780836439703809,0.0,0.0,0.0,0.0
3.8613333333333335,sil,0.0,0.7638630867004395,0.09445476531982422,0.0,0.0,0.0,0.0,0.0,0.0,0.0,0.0,0.14168214797973633,0.0,0.0,0.0,0.0
3.8826666666666667,sil,0.0,0.7741076350212097,0.09035694599151611,0.0,0.0,0.0,0.0,0.0,0.0,0.0,0.0,0.13553541898727417,0.0,0.0,0.0,0.0
3.904,sil,0.17404288053512573,0.5648927856949802,0.17404288572200793,0.0,0.0,0.0,0.0,0.0,0.0,0.0,0.0,0.2610643285830119,0.0,0.0,0.0,0.0
3.925333333333333,aa,0.45925772190093994,0.0,0.4,0.0,0.0,0.0,0.0,0.0,0.0,0.0,0.0,0.6,0.0,0.0,0.0,0.0
3.9466666666666668,aa,0.4353930354118347,0.0,0.4000000109518787,0.0,0.0,0.0,0.0,0.0,0.0,0.0,0.0,0.5999999890481212,0.0,0.0,0.0,0.0
3.968,aa,0.3259572982788086,0.18510675430297852,0.3259572982788086,0.0,0.0,0.0,0.0,0.0,0.0,0.0,0.0,0.4889359474182129,0.0,0.0,0.0,0.0
3.989333333333333,sil,0.17406243085861206,0.5648439098848078,0.1740624360460769,0.0,0.0,0.0,0.0,0.0,0.0,0.0,0.0,0.26109365406911533,0.0,0.0,0.0,0.0
4.010666666666666,sil,0.1934388279914856,0.5164029444336014,0.19343882222655945,0.0,0.0,0.0,0.0,0.0,0.0,0.0,0.0,0.2901582333398392,0.0,0.0,0.0,0.0
4.032,sil,0.20731419324874878,0.48171450143201655,0.2073141994271934,0.0,0.0,0.0,0.0,0.0,0.0,0.0,0.0,0.3109712991407901,0.0,0.0,0.0,0.0
4.053333333333334,sil,0.17155325412750244,0.5711168646812439,0.17155325412750244,0.0,0.0,0.0,0.0,0.0,0.0,0.0,0.0,0.25732988119125366,0.0,0.0,0.0,0.0
4.074666666666666,sil,0.20081168413162231,0.49797080463258014,0.20081167814696793,0.0,0.0,0.0,0.0,0.0,0.0,0.0,0.0,0.3012175172204519,0.0,0.0,0.0,0.0
4.096,sil,0.17531216144561768,0.5617195963859558,0.17531216144561768,0.0,0.0,0.0,0.0,0.0,0.0,0.0,0.0,0.2629682421684265,0.0,0.0,0.0,0.0
4.117333333333334,sil,0.18600505590438843,0.5349873463805719,0.18600506144777124,0.0,0.0,0.0,0.0,0.0,0.0,0.0,0.0,0.2790075921716568,0.0,0.0,0.0,0.0
4.1386666666666665,aa,0.3184814453125,0.20379638671875,0.3184814453125,0.0,0.0,0.0,0.0,0.0,0.0,0.0,0.0,0.47772216796875,0.0,0.0,0.0,0.0
4.16,aa,0.2768683433532715,0.3078291416168213,0.2768683433532715,0.0,0.0,0.0,0.0,0.0,0.0,0.0,0.0,0.4153025150299072,0.0,0.0,0.0,0.0
4.181333333333333,aa,0.3078750967979431,0.2303122350666593,0.3078751059733363,0.0,0.0,0.0,0.0,0.0,0.0,0.0,0.0,0.4618126589600044,0.0,0.0,0.0,0.0
4.2026666666666666,aa,0.2759416699409485,0.3101458457068847,0.2759416617172461,0.0,0.0,0.0,0.0,0.0,0.0,0.0,0.0,0.4139124925758692,0.0,0.0,0.0,0.0
4.224,sil,0.241224467754364,0.396938812641466,0.2412244749434136,0.0,0.0,0.0,0.0,0.0,0.0,0.0,0.0,0.3618367124151204,0.0,0.0,0.0,0.0
4.245333333333333,sil,0.21588170528411865,0.46029573678970337,0.21588170528411865,0.0,0.0,0.0,0.0,0.0,0.0,0.0,0.0,0.323822557926178,0.0,0.0,0.0,0.0
4.266666666666667,sil,0.15809518098831177,0.6047620593082291,0.15809517627670835,0.0,0.0,0.0,0.0,0.0,0.0,0.0,0.0,0.23714276441506255,0.0,0.0,0.0,0.0
4.288,sil,0.0,0.9482919260350444,0.02068322958598225,0.0,0.0,0.0,0.0,0.0,0.0,0.0,0.0,0.031024844378973376,0.0,0.0,0.0,0.0
4.309333333333333,sil,0.0,0.0,0.0,0.0,0.0,0.0,0.0,0.0,0.0,0.0,0.0,0.0,0.0,0.0,0.0,0.0
4.330666666666667,sil,0.0,0.9262270331382751,0.02950918674468994,0.0,0.0,0.0,0.0,0.0,0.0,0.0,0.0,0.04426378011703491,0.0,0.0,0.0,0.0
4.352,sil,0.0,0.8287154683087906,0.06851381267648377,0.0,0.0,0.0,0.0,0.0,0.0,0.0,0.0,0.10277071901472566,0.0,0.0,0.0,0.0
4.373333333333333,sil,0.0,0.0,0.0,0.0,0.0,0.0,0.0,0.0,0.0,0.0,0.0,0.0,0.0,0.0,0.0,0.0
4.394666666666667,sil,0.11980408430099487,0.7004897803214127,0.11980408787143493,0.0,0.0,0.0,0.0,0.0,0.0,0.0,0.0,0.1797061318071524,0.0,0.0,0.0,0.0
4.416,aa,0.2528814673423767,0.36779631280292013,0.25288147487883195,0.0,0.0,0.0,0.0,0.0,0.0,0.0,0.0,0.3793222123182479,0.0,0.0,0.0,0.0
4.437333333333333,aa,0.31581640243530273,0.21045899391174316,0.31581640243530273,0.0,0.0,0.0,0.0,0.0,0.0,0.0,0.0,0.4737246036529541,0.0,0.0,0.0,0.0
4.458666666666667,aa,0.4471949338912964,0.0,0.4,0.0,0.0,0.0,0.0,0.0,0.0,0.0,0.0,0.6,0.0,0.0,0.0,0.0
4.48,aa,0.43813055753707886,0.0,0.40000001088344933,0.0,0.0,0.0,0.0,0.0,0.0,0.0,0.0,0.5999999891165507,0.0,0.0,0.0,0.0
4.501333333333333,aa,0.41918855905532837,0.0,0.39999998862475766,0.0,0.0,0.0,0.0,0.0,0.0,0.0,0.0,0.6000000113752424,0.0,0.0,0.0,0.0
4.522666666666667,aa,0.3507269024848938,0.12318276624782287,0.3507268815799426,0.0,0.0,0.0,0.0,0.0,0.0,0.0,0.0,0.5260903521722345,0.0,0.0,0.0,0.0
4.544,aa,0.2799317240715027,0.30017066896470396,0.2799317324141184,0.0,0.0,0.0,0.0,0.0,0.0,0.0,0.0,0.41989759862117765,0.0,0.0,0.0,0.0
4.565333333333333,aa,0.29676640033721924,0.2580839991569519,0.29676640033721924,0.0,0.0,0.0,0.0,0.0,0.0,0.0,0.0,0.44514960050582886,0.0,0.0,0.0,0.0
4.586666666666667,aa,0.28703993558883667,0.28240013964176597,0.28703994414329365,0.0,0.0,0.0,0.0,0.0,0.0,0.0,0.0,0.43055991621494044,0.0,0.0,0.0,0.0
4.608,sil,0.2016882300376892,0.4957794098788324,0.20168823604846703,0.0,0.0,0.0,0.0,0.0,0.0,0.0,0.0,0.30253235407270057,0.0,0.0,0.0,0.0
4.629333333333333,sil,0.10046529769897461,0.7488367557525635,0.10046529769897461,0.0,0.0,0.0,0.0,0.0,0.0,0.0,0.0,0.15069794654846191,0.0,0.0,0.0,0.0
4.650666666666667,sil,0.0,0.9094949689657995,0.036202012413680186,0.0,0.0,0.0,0.0,0.0,0.0,0.0,0.0,0.054303018620520276,0.0,0.0,0.0,0.0
4.672,sil,0.0,0.8750737309455872,0.04997050762176514,0.0,0.0,0.0,0.0,0.0,0.0,0.0,0.0,0.0749557614326477,0.0,0.0,0.0,0.0
4.693333333333333,aa,0.3789258599281311,0.05268537684170146,0.37892583734239116,0.0,0.0,0.0,0.0,0.0,0.0,0.0,0.0,0.5683887858159073,0.0,0.0,0.0,0.0
4.714666666666667,aa,0.37673288583755493,0.058167811741363304,0.37673286338252643,0.0,0.0,0.0,0.0,0.0,0.0,0.0,0.0,0.5650993248761103,0.0,0.0,0.0,0.0
4.736,aa,0.376168429851532,0.05957889912002678,0.37616845227291895,0.0,0.0,0.0,0.0,0.0,0.0,0.0,0.0,0.5642526486070543,0.0,0.0,0.0,0.0
4.757333333333333,aa,0.4491681456565857,0.0,0.40000001061600593,0.0,0.0,0.0,0.0,0.0,0.0,0.0,0.0,0.599999989383994,0.0,0.0,0.0,0.0
4.778666666666667,aa,0.47098881006240845,0.0,0.3999999898758286,0.0,0.0,0.0,0.0,0.0,0.0,0.0,0.0,0.6000000101241715,0.0,0.0,0.0,0.0
4.8,aa,0.42250198125839233,0.0,0.40000001128603396,0.0,0.0,0.0,0.0,0.0,0.0,0.0,0.0,0.599999988713966,0.0,0.0,0.0,0.0
4.8213333333333335,aa,0.4293743968009949,0.0,0.4000000111053937,0.0,0.0,0.0,0.0,0.0,0.0,0.0,0.0,0.5999999888946063,0.0,0.0,0.0,0.0
4.842666666666666,aa,0.4256351590156555,0.0,0.3999999887970452,0.0,0.0,0.0,0.0,0.0,0.0,0.0,0.0,0.6000000112029548,0.0,0.0,0.0,0.0
4.864,sil,0.21741175651550293,0.4564706087112427,0.21741175651550293,0.0,0.0,0.0,0.0,0.0,0.0,0.0,0.0,0.3261176347732544,0.0,0.0,0.0,0.0
4.8853333333333335,sil,0.14700746536254883,0.6324813365936279,0.14700746536254883,0.0,0.0,0.0,0.0,0.0,0.0,0.0,0.0,0.22051119804382324,0.0,0.0,0.0,0.0
4.906666666666666,sil,0.1719663143157959,0.5700842142105103,0.1719663143157959,0.0,0.0,0.0,0.0,0.0,0.0,0.0,0.0,0.25794947147369385,0.0,0.0,0.0,0.0
4.928,sil,0.22230863571166992,0.4442284107208252,0.22230863571166992,0.0,0.0,0.0,0.0,0.0,0.0,0.0,0.0,0.3334629535675049,0.0,0.0,0.0,0.0
4.949333333333334,sil,0.11029684543609619,0.7242578864097595,0.11029684543609619,0.0,0.0,0.0,0.0,0.0,0.0,0.0,0.0,0.1654452681541443,0.0,0.0,0.0,0.0
4.970666666666666,sil,0.0,0.7909395459014312,0.08362418163942749,0.0,0.0,0.0,0.0,0.0,0.0,0.0,0.0,0.12543627245914124,0.0,0.0,0.0,0.0
4.992,aa,0.2577977776527405,0.35550557507557945,0.2577977699697682,0.0,0.0,0.0,0.0,0.0,0.0,0.0,0.0,0.38669665495465233,0.0,0.0,0.0,0.0
5.013333333333334,sil,0.24526184797286987,0.3868453617943931,0.24526185528224276,0.0,0.0,0.0,0.0,0.0,0.0,0.0,0.0,0.36789278292336414,0.0,0.0,0.0,0.0
5.034666666666666,sil,0.23338818550109863,0.4165295362472534,0.23338818550109863,0.0,0.0,0.0,0.0,0.0,0.0,0.0,0.0,0.35008227825164795,0.0,0.0,0.0,0.0
5.056,sil,0.23037809133529663,0.42405475449725255,0.23037809820109897,0.0,0.0,0.0,0.0,0.0,0.0,0.0,0.0,0.3455671473016485,0.0,0.0,0.0,0.0
5.077333333333334,sil,0.2383735179901123,0.40406620502471924,0.2383735179901123,0.0,0.0,0.0,0.0,0.0,0.0,0.0,0.0,0.35756027698516846,0.0,0.0,0.0,0.0
5.0986666666666665,sil,0.14261704683303833,0.6434573935432019,0.14261704258271926,0.0,0.0,0.0,0.0,0.0,0.0,0.0,0.0,0.21392556387407888,0.0,0.0,0.0,0.0
5.12,sil,0.0,0.8553560717297771,0.057857571308089155,0.0,0.0,0.0,0.0,0.0,0.0,0.0,0.0,0.08678635696213374,0.0,0.0,0.0,0.0
5.141333333333334,sil,0.20208513736724854,0.49478715658187866,0.20208513736724854,0.0,0.0,0.0,0.0,0.0,0.0,0.0,0.0,0.3031277060508728,0.0,0.0,0.0,0.0
5.1626666666666665,sil,0.1628907322883606,0.5927731814154035,0.16289072743383862,0.0,0.0,0.0,0.0,0.0,0.0,0.0,0.0,0.24433609115075794,0.0,0.0,0.0,0.0
5.184,sil,0.11848396062850952,0.703790089600983,0.11848396415960682,0.0,0.0,0.0,0.0,0.0,0.0,0.0,0.0,0.17772594623941024,0.0,0.0,0.0,0.0
5.205333333333333,sil,0.0,0.7506247535161747,0.0997500985935301,0.0,0.0,0.0,0.0,0.0,0.0,0.0,0.0,0.14962514789029516,0.0,0.0,0.0,0.0
5.226666666666667,sil,0.0,0.8468284354559054,0.06126862581763787,0.0,0.0,0.0,0.0,0.0,0.0,0.0,0.0,0.0919029387264568,0.0,0.0,0.0,0.0
5.248,sil,0.0,0.932367205619812,0.027053117752075195,0.0,0.0,0.0,0.0,0.0,0.0,0.0,0.0,0.04057967662811279,0.0,0.0,0.0,0.0
5.269333333333333,sil,0.0,0.0,0.0,0.0,0.0,0.0,0.0,0.0,0.0,0.0,0.0,0.0,0.0,0.0,0.0,0.0
5.290666666666667,sil,0.0,0.0,0.0,0.0,0.0,0.0,0.0,0.0,0.0,0.0,0.0,0.0,0.0,0.0,0.0,0.0
5.312,sil,0.0,0.0,0.0,0.0,0.0,0.0,0.0,0.0,0.0,0.0,0.0,0.0,0.0,0.0,0.0,0.0
5.333333333333333,sil,0.0,0.0,0.0,0.0,0.0,0.0,0.0,0.0,0.0,0.0,0.0,0.0,0.0,0.0,0.0,0.0
5.354666666666667,sil,0.0,0.0,0.0,0.0,0.0,0.0,0.0,0.0,0.0,0.0,0.0,0.0,0.0,0.0,0.0,0.0
5.376,sil,0.0,0.0,0.0,0.0,0.0,0.0,0.0,0.0,0.0,0.0,0.0,0.0,0.0,0.0,0.0,0.0
5.397333333333333,sil,0.0,0.0,0.0,0.0,0.0,0.0,0.0,0.0,0.0,0.0,0.0,0.0,0.0,0.0,0.0,0.0
5.418666666666667,sil,0.0,0.0,0.0,0.0,0.0,0.0,0.0,0.0,0.0,0.0,0.0,0.0,0.0,0.0,0.0,0.0
5.44,sil,0.0,0.0,0.0,0.0,0.0,0.0,0.0,0.0,0.0,0.0,0.0,0.0,0.0,0.0,0.0,0.0
5.461333333333333,sil,0.0,0.0,0.0,0.0,0.0,0.0,0.0,0.0,0.0,0.0,0.0,0.0,0.0,0.0,0.0,0.0
5.482666666666667,sil,0.0,0.0,0.0,0.0,0.0,0.0,0.0,0.0,0.0,0.0,0.0,0.0,0.0,0.0,0.0,0.0
5.504,sil,0.0,0.0,0.0,0.0,0.0,0.0,0.0,0.0,0.0,0.0,0.0,0.0,0.0,0.0,0.0,0.0
5.525333333333333,sil,0.0,0.0,0.0,0.0,0.0,0.0,0.0,0.0,0.0,0.0,0.0,0.0,0.0,0.0,0.0,0.0
5.546666666666667,sil,0.0,0.0,0.0,0.0,0.0,0.0,0.0,0.0,0.0,0.0,0.0,0.0,0.0,0.0,0.0,0.0
5.568,sil,0.0,0.0,0.0,0.0,0.0,0.0,0.0,0.0,0.0,0.0,0.0,0.0,0.0,0.0,0.0,0.0
5.589333333333333,sil,0.0,0.0,0.0,0.0,0.0,0.0,0.0,0.0,0.0,0.0,0.0,0.0,0.0,0.0,0.0,0.0
5.610666666666667,sil,0.0,0.0,0.0,0.0,0.0,0.0,0.0,0.0,0.0,0.0,0.0,0.0,0.0,0.0,0.0,0.0
5.632,sil,0.0,0.0,0.0,0.0,0.0,0.0,0.0,0.0,0.0,0.0,0.0,0.0,0.0,0.0,0.0,0.0
5.653333333333333,sil,0.0,0.0,0.0,0.0,0.0,0.0,0.0,0.0,0.0,0.0,0.0,0.0,0.0,0.0,0.0,0.0
5.674666666666667,sil,0.0,0.0,0.0,0.0,0.0,0.0,0.0,0.0,0.0,0.0,0.0,0.0,0.0,0.0,0.0,0.0
5.696,sil,0.0,0.0,0.0,0.0,0.0,0.0,0.0,0.0,0.0,0.0,0.0,0.0,0.0,0.0,0.0,0.0
5.717333333333333,sil,0.0,0.0,0.0,0.0,0.0,0.0,0.0,0.0,0.0,0.0,0.0,0.0,0.0,0.0,0.0,0.0
5.738666666666667,sil,0.0,0.0,0.0,0.0,0.0,0.0,0.0,0.0,0.0,0.0,0.0,0.0,0.0,0.0,0.0,0.0
5.76,sil,0.0,0.0,0.0,0.0,0.0,0.0,0.0,0.0,0.0,0.0,0.0,0.0,0.0,0.0,0.0,0.0
5.781333333333333,sil,0.0,0.0,0.0,0.0,0.0,0.0,0.0,0.0,0.0,0.0,0.0,0.0,0.0,0.0,0.0,0.0
5.802666666666667,sil,0.0,0.0,0.0,0.0,0.0,0.0,0.0,0.0,0.0,0.0,0.0,0.0,0.0,0.0,0.0,0.0
5.824,sil,0.0,0.0,0.0,0.0,0.0,0.0,0.0,0.0,0.0,0.0,0.0,0.0,0.0,0.0,0.0,0.0
5.8453333333333335,sil,0.0,0.0,0.0,0.0,0.0,0.0,0.0,0.0,0.0,0.0,0.0,0.0,0.0,0.0,0.0,0.0
5.866666666666666,sil,0.0,0.0,0.0,0.0,0.0,0.0,0.0,0.0,0.0,0.0,0.0,0.0,0.0,0.0,0.0,0.0
5.888,sil,0.0,0.8489660024642944,0.06041359901428223,0.0,0.0,0.0,0.0,0.0,0.0,0.0,0.0,0.09062039852142334,0.0,0.0,0.0,0.0
5.9093333333333335,sil,0.2449270486831665,0.38768237829208374,0.2449270486831665,0.0,0.0,0.0,0.0,0.0,0.0,0.0,0.0,0.36739057302474976,0.0,0.0,0.0,0.0
5.930666666666666,sil,0.18782693147659302,0.5304326853027139,0.18782692587891442,0.0,0.0,0.0,0.0,0.0,0.0,0.0,0.0,0.28174038881837166,0.0,0.0,0.0,0.0
5.952,sil,0.0,0.8620955687136779,0.055161772514528855,0.0,0.0,0.0,0.0,0.0,0.0,0.0,0.0,0.08274265877179328,0.0,0.0,0.0,0.0
5.973333333333334,sil,0.0,0.8963175744915731,0.04147297020337074,0.0,0.0,0.0,0.0,0.0,0.0,0.0,0.0,0.062209455305056116,0.0,0.0,0.0,0.0
5.994666666666666,sil,0.0,0.9261097632017802,0.029556094719287912,0.0,0.0,0.0,0.0,0.0,0.0,0.0,0.0,0.04433414207893187,0.0,0.0,0.0,0.0
6.016,sil,0.0,0.8213790410346079,0.07144838358615686,0.0,0.0,0.0,0.0,0.0,0.0,0.0,0.0,0.10717257537923529,0.0,0.0,0.0,0.0
6.037333333333334,aa,0.3846052885055542,0.0384867787361145,0.3846052885055542,0.0,0.0,0.0,0.0,0.0,0.0,0.0,0.0,0.5769079327583313,0.0,0.0,0.0,0.0
6.058666666666666,aa,0.45989173650741577,0.0,0.4000000103684657,0.0,0.0,0.0,0.0,0.0,0.0,0.0,0.0,0.5999999896315342,0.0,0.0,0.0,0.0
6.08,aa,0.708524227142334,0.0,0.4146995494043458,0.0,0.0,0.0,0.0,0.0,0.0,0.0,0.0,0.5853004505956543,0.0,0.0,0.0,0.0
6.101333333333334,aa,0.5765790343284607,0.0,0.4000000082701094,0.0,0.0,0.0,0.0,0.0,0.0,0.0,0.0,0.5999999917298906,0.0,0.0,0.0,0.0
6.1226666666666665,aa,0.3790222406387329,0.052444398403167725,0.3790222406387329,0.0,0.0,0.0,0.0,0.0,0.0,0.0,0.0,0.5685333609580994,0.0,0.0,0.0,0.0
6.144,aa,0.30748939514160156,0.2312765121459961,0.30748939514160156,0.0,0.0,0.0,0.0,0.0,0.0,0.0,0.0,0.46123409271240234,0.0,0.0,0.0,0.0
6.165333333333334,sil,0.23439782857894897,0.41400541108862793,0.23439783556454885,0.0,0.0,0.0,0.0,0.0,0.0,0.0,0.0,0.3515967533468233,0.0,0.0,0.0,0.0
6.1866666666666665,sil,0.0,0.8358374834060669,0.06566500663757324,0.0,0.0,0.0,0.0,0.0,0.0,0.0,0.0,0.09849750995635986,0.0,0.0,0.0,0.0
6.208,sil,0.0,0.0,0.0,0.0,0.0,0.0,0.0,0.0,0.0,0.0,0.0,0.0,0.0,0.0,0.0,0.0
6.229333333333333,sil,0.0,0.0,0.0,0.0,0.0,0.0,0.0,0.0,0.0,0.0,0.0,0.0,0.0,0.0,0.0,0.0
6.250666666666667,sil,0.0,0.0,0.0,0.0,0.0,0.0,0.0,0.0,0.0,0.0,0.0,0.0,0.0,0.0,0.0,0.0
6.272,sil,0.0,0.8768894411060381,0.049244223557584774,0.0,0.0,0.0,0.0,0.0,0.0,0.0,0.0,0.07386633533637717,0.0,0.0,0.0,0.0
6.293333333333333,sil,0.1067579984664917,0.7331050038337708,0.1067579984664917,0.0,0.0,0.0,0.0,0.0,0.0,0.0,0.0,0.16013699769973755,0.0,0.0,0.0,0.0
6.314666666666667,sil,0.24669575691223145,0.3832606077194214,0.24669575691223145,0.0,0.0,0.0,0.0,0.0,0.0,0.0,0.0,0.37004363536834717,0.0,0.0,0.0,0.0
6.336,aa,0.38369882106781006,0.040752947330474854,0.38369882106781006,0.0,0.0,0.0,0.0,0.0,0.0,0.0,0.0,0.5755482316017151,0.0,0.0,0.0,0.0
6.357333333333333,aa,0.4241400361061096,0.0,0.399999988757554,0.0,0.0,0.0,0.0,0.0,0.0,0.0,0.0,0.600000011242446,0.0,0.0,0.0,0.0
6.378666666666667,aa,0.3759315013885498,0.06017124652862549,0.3759315013885498,0.0,0.0,0.0,0.0,0.0,0.0,0.0,0.0,0.5638972520828247,0.0,0.0,0.0,0.0
6.4,aa,0.2943918704986572,0.26402032375335693,0.2943918704986572,0.0,0.0,0.0,0.0,0.0,0.0,0.0,0.0,0.44158780574798584,0.0,0.0,0.0,0.0
6.421333333333333,aa,0.2980446219444275,0.25488842293287584,0.2980446308268497,0.0,0.0,0.0,0.0,0.0,0.0,0.0,0.0,0.4470669462402745,0.0,0.0,0.0,0.0
6.442666666666667,aa,0.41847115755081177,0.0,0.39999998860525665,0.0,0.0,0.0,0.0,0.0,0.0,0.0,0.0,0.6000000113947433,0.0,0.0,0.0,0.0
6.464,aa,0.36487865447998047,0.08780336380004883,0.36487865447998047,0.0,0.0,0.0,0.0,0.0,0.0,0.0,0.0,0.5473179817199707,0.0,0.0,0.0,0.0
6.485333333333333,sil,0.2006664276123047,0.4983339309692383,0.2006664276123047,0.0,0.0,0.0,0.0,0.0,0.0,0.0,0.0,0.30099964141845703,0.0,0.0,0.0,0.0
6.506666666666667,aa,0.32154178619384766,0.19614553451538086,0.32154178619384766,0.0,0.0,0.0,0.0,0.0,0.0,0.0,0.0,0.4823126792907715,0.0,0.0,0.0,0.0
6.528,aa,0.3274689316749573,0.18132769521094277,0.3274689219156229,0.0,0.0,0.0,0.0,0.0,0.0,0.0,0.0,0.49120338287343435,0.0,0.0,0.0,0.0
6.549333333333333,aa,0.27916258573532104,0.30209351486246333,0.27916259405501465,0.0,0.0,0.0,0.0,0.0,0.0,0.0,0.0,0.418743891082522,0.0,0.0,0.0,0.0
6.570666666666667,aa,0.3434385657310486,0.14140356429836537,0.3434385862015835,0.0,0.0,0.0,0.0,0.0,0.0,0.0,0.0,0.5151578495000511,0.0,0.0,0.0,0.0
6.592,aa,0.3565376400947571,0.10865592308903199,0.35653761884345897,0.0,0.0,0.0,0.0,0.0,0.0,0.0,0.0,0.534806458067509,0.0,0.0,0.0,0.0
6.613333333333333,aa,0.36150699853897095,0.0962325277189894,0.361506976991476,0.0,0.0,0.0,0.0,0.0,0.0,0.0,0.0,0.5422604952895346,0.0,0.0,0.0,0.0
6.634666666666667,aa,0.34695202112197876,0.13261996909260934,0.346952000442028,0.0,0.0,0.0,0.0,0.0,0.0,0.0,0.0,0.5204280304653627,0.0,0.0,0.0,0.0
6.656,aa,0.34847068786621094,0.12882328033447266,0.34847068786621094,0.0,0.0,0.0,0.0,0.0,0.0,0.0,0.0,0.5227060317993164,0.0,0.0,0.0,0.0
6.677333333333333,aa,0.31952011585235596,0.2011997103691101,0.31952011585235596,0.0,0.0,0.0,0.0,0.0,0.0,0.0,0.0,0.47928017377853394,0.0,0.0,0.0,0.0
6.698666666666667,aa,0.31180399656295776,0.22048998536139683,0.31180400585544127,0.0,0.0,0.0,0.0,0.0,0.0,0.0,0.0,0.4677060087831619,0.0,0.0,0.0,0.0
6.72,aa,0.35146886110305786,0.12132786981297315,0.35146884015388247,0.0,0.0,0.0,0.0,0.0,0.0,0.0,0.0,0.5272032900331444,0.0,0.0,0.0,0.0
6.741333333333333,aa,0.35328805446624756,0.1167798638343811,0.35328805446624756,0.0,0.0,0.0,0.0,0.0,0.0,0.0,0.0,0.5299320816993713,0.0,0.0,0.0,0.0
6.762666666666667,sil,0.20674556493759155,0.48313607225227573,0.20674557109908973,0.0,0.0,0.0,0.0,0.0,0.0,0.0,0.0,0.3101183566486346,0.0,0.0,0.0,0.0
6.784,sil,0.1302797794342041,0.6743005514144897,0.1302797794342041,0.0,0.0,0.0,0.0,0.0,0.0,0.0,0.0,0.19541966915130615,0.0,0.0,0.0,0.0
6.8053333333333335,sil,0.0,0.8908859491348267,0.043645620346069336,0.0,0.0,0.0,0.0,0.0,0.0,0.0,0.0,0.065468430519104,0.0,0.0,0.0,0.0
6.826666666666667,sil,0.0,0.8252539388759751,0.06989842444960997,0.0,0.0,0.0,0.0,0.0,0.0,0.0,0.0,0.10484763667441498,0.0,0.0,0.0,0.0
6.848,sil,0.0,0.8504506096109566,0.059819756155617354,0.0,0.0,0.0,0.0,0.0,0.0,0.0,0.0,0.08972963423342603,0.0,0.0,0.0,0.0
6.8693333333333335,sil,0.0,0.9067449569702148,0.03730201721191406,0.0,0.0,0.0,0.0,0.0,0.0,0.0,0.0,0.055953025817871094,0.0,0.0,0.0,0.0
6.890666666666666,sil,0.0,0.866713285446167,0.0533146858215332,0.0,0.0,0.0,0.0,0.0,0.0,0.0,0.0,0.0799720287322998,0.0,0.0,0.0,0.0
6.912,sil,0.1200331449508667,0.6999171376228333,0.1200331449508667,0.0,0.0,0.0,0.0,0.0,0.0,0.0,0.0,0.18004971742630005,0.0,0.0,0.0,0.0
6.933333333333334,sil,0.21967566013336182,0.45081084966659546,0.21967566013336182,0.0,0.0,0.0,0.0,0.0,0.0,0.0,0.0,0.3295134902000427,0.0,0.0,0.0,0.0
6.954666666666666,aa,0.3194054365158081,0.20148640871047974,0.3194054365158081,0.0,0.0,0.0,0.0,0.0,0.0,0.0,0.0,0.47910815477371216,0.0,0.0,0.0,0.0
6.976,aa,0.3117561936378479,0.22060953913302603,0.3117561843467896,0.0,0.0,0.0,0.0,0.0,0.0,0.0,0.0,0.46763427652018436,0.0,0.0,0.0,0.0
6.997333333333334,aa,0.27281010150909424,0.3179747462272644,0.27281010150909424,0.0,0.0,0.0,0.0,0.0,0.0,0.0,0.0,0.40921515226364136,0.0,0.0,0.0,0.0
7.018666666666666,sil,0.20897287130355835,0.4775678061714115,0.20897287753143542,0.0,0.0,0.0,0.0,0.0,0.0,0.0,0.0,0.3134593162971531,0.0,0.0,0.0,0.0
7.04,sil,0.15944594144821167,0.6013851344998221,0.15944594620007116,0.0,0.0,0.0,0.0,0.0,0.0,0.0,0.0,0.23916891930010675,0.0,0.0,0.0,0.0
7.061333333333334,sil,0.11919814348220825,0.7020046501754329,0.11919813992982686,0.0,0.0,0.0,0.0,0.0,0.0,0.0,0.0,0.1787972098947403,0.0,0.0,0.0,0.0
7.082666666666666,sil,0.0,0.8973260850511168,0.04106956597955328,0.0,0.0,0.0,0.0,0.0,0.0,0.0,0.0,0.061604348969329925,0.0,0.0,0.0,0.0
7.104,sil,0.0,0.0,0.0,0.0,0.0,0.0,0.0,0.0,0.0,0.0,0.0,0.0,0.0,0.0,0.0,0.0
7.125333333333334,sil,0.0,0.0,0.0,0.0,0.0,0.0,0.0,0.0,0.0,0.0,0.0,0.0,0.0,0.0,0.0,0.0
7.1466666666666665,sil,0.0,0.0,0.0,0.0,0.0,0.0,0.0,0.0,0.0,0.0,0.0,0.0,0.0,0.0,0.0,0.0
7.168,sil,0.0,0.8989020318120112,0.0404391872751955,0.0,0.0,0.0,0.0,0.0,0.0,0.0,0.0,0.06065878091279325,0.0,0.0,0.0,0.0
7.189333333333333,sil,0.0,0.0,0.0,0.0,0.0,0.0,0.0,0.0,0.0,0.0,0.0,0.0,0.0,0.0,0.0,0.0
7.210666666666667,sil,0.0,0.0,0.0,0.0,0.0,0.0,0.0,0.0,0.0,0.0,0.0,0.0,0.0,0.0,0.0,0.0
7.232,sil,0.0,0.0,0.0,0.0,0.0,0.0,0.0,0.0,0.0,0.0,0.0,0.0,0.0,0.0,0.0,0.0
7.253333333333333,sil,0.0,0.0,0.0,0.0,0.0,0.0,0.0,0.0,0.0,0.0,0.0,0.0,0.0,0.0,0.0,0.0
7.274666666666667,sil,0.19130277633666992,0.5217430591583252,0.19130277633666992,0.0,0.0,0.0,0.0,0.0,0.0,0.0,0.0,0.2869541645050049,0.0,0.0,0.0,0.0
7.296,aa,0.3694119453430176,0.07647013664245605,0.3694119453430176,0.0,0.0,0.0,0.0,0.0,0.0,0.0,0.0,0.5541179180145264,0.0,0.0,0.0,0.0
7.317333333333333,aa,0.3934491276741028,0.016377209640907667,0.3934491042227087,0.0,0.0,0.0,0.0,0.0,0.0,0.0,0.0,0.5901736861363837,0.0,0.0,0.0,0.0
7.338666666666667,aa,0.41883009672164917,0.0,0.40000001138497865,0.0,0.0,0.0,0.0,0.0,0.0,0.0,0.0,0.5999999886150214,0.0,0.0,0.0,0.0
7.36,aa,0.3745920658111572,0.06351983547210693,0.3745920658111572,0.0,0.0,0.0,0.0,0.0,0.0,0.0,0.0,0.5618880987167358,0.0,0.0,0.0,0.0
7.381333333333333,aa,0.3723354935646057,0.06916129176847388,0.3723354713716822,0.0,0.0,0.0,0.0,0.0,0.0,0.0,0.0,0.5585032368598439,0.0,0.0,0.0,0.0
7.402666666666667,aa,0.33395159244537354,0.16512101888656616,0.33395159244537354,0.0,0.0,0.0,0.0,0.0,0.0,0.0,0.0,0.5009273886680603,0.0,0.0,0.0,0.0
7.424,aa,0.3498240113258362,0.12543999401092565,0.3498239904747015,0.0,0.0,0.0,0.0,0.0,0.0,0.0,0.0,0.5247360155143729,0.0,0.0,0.0,0.0
7.445333333333333,sil,0.1407429575920105,0.6481425955338059,0.14074296178647763,0.0,0.0,0.0,0.0,0.0,0.0,0.0,0.0,0.21111444267971644,0.0,0.0,0.0,0.0
7.466666666666667,sil,0.18854641914367676,0.5286339521408081,0.18854641914367676,0.0,0.0,0.0,0.0,0.0,0.0,0.0,0.0,0.28281962871551514,0.0,0.0,0.0,0.0
7.488,sil,0.18577802181243896,0.5355549454689026,0.18577802181243896,0.0,0.0,0.0,0.0,0.0,0.0,0.0,0.0,0.27866703271865845,0.0,0.0,0.0,0.0
7.509333333333333,sil,0.0,0.7635099291801453,0.0945960283279419,0.0,0.0,0.0,0.0,0.0,0.0,0.0,0.0,0.14189404249191284,0.0,0.0,0.0,0.0
7.530666666666667,sil,0.10214376449584961,0.744640588760376,0.10214376449584961,0.0,0.0,0.0,0.0,0.0,0.0,0.0,0.0,0.15321564674377441,0.0,0.0,0.0,0.0
7.552,sil,0.19521856307983398,0.511953592300415,0.19521856307983398,0.0,0.0,0.0,0.0,0.0,0.0,0.0,0.0,0.292827844619751,0.0,0.0,0.0,0.0
7.573333333333333,aa,0.3723025918006897,0.06924354617336118,0.3723025696097273,0.0,0.0,0.0,0.0,0.0,0.0,0.0,0.0,0.5584538842169116,0.0,0.0,0.0,0.0
7.594666666666667,aa,0.39973825216293335,0.0006543398293459313,0.3997382759891913,0.0,0.0,0.0,0.0,0.0,0.0,0.0,0.0,0.5996073841814628,0.0,0.0,0.0,0.0
7.616,aa,0.3839825987815857,0.04004347563049052,0.3839826216687335,0.0,0.0,0.0,0.0,0.0,0.0,0.0,0.0,0.575973902700776,0.0,0.0,0.0,0.0
7.637333333333333,aa,0.32423490285873413,0.1894127186957812,0.3242349125216875,0.0,0.0,0.0,0.0,0.0,0.0,0.0,0.0,0.4863523687825313,0.0,0.0,0.0,0.0
7.658666666666667,sil,0.22873437404632568,0.4281640648841858,0.22873437404632568,0.0,0.0,0.0,0.0,0.0,0.0,0.0,0.0,0.3431015610694885,0.0,0.0,0.0,0.0
7.68,sil,0.19373250007629395,0.5156687498092651,0.19373250007629395,0.0,0.0,0.0,0.0,0.0,0.0,0.0,0.0,0.2905987501144409,0.0,0.0,0.0,0.0
7.701333333333333,sil,0.19472616910934448,0.5131845627184082,0.19472617491263672,0.0,0.0,0.0,0.0,0.0,0.0,0.0,0.0,0.2920892623689551,0.0,0.0,0.0,0.0
7.722666666666667,aa,0.27466851472854614,0.3133287336430331,0.27466850654278674,0.0,0.0,0.0,0.0,0.0,0.0,0.0,0.0,0.41200275981418016,0.0,0.0,0.0,0.0
7.744,aa,0.300581157207489,0.24854708458623542,0.30058116616550584,0.0,0.0,0.0,0.0,0.0,0.0,0.0,0.0,0.45087174924825874,0.0,0.0,0.0,0.0
7.765333333333333,sil,0.17156559228897095,0.571086032060205,0.171565587175918,0.0,0.0,0.0,0.0,0.0,0.0,0.0,0.0,0.257348380763877,0.0,0.0,0.0,0.0
7.786666666666667,sil,0.0,0.7706477412388402,0.09174090350446393,0.0,0.0,0.0,0.0,0.0,0.0,0.0,0.0,0.13761135525669588,0.0,0.0,0.0,0.0
7.808,sil,0.20027613639831543,0.4993096590042114,0.20027613639831543,0.0,0.0,0.0,0.0,0.0,0.0,0.0,0.0,0.30041420459747314,0.0,0.0,0.0,0.0
7.8293333333333335,sil,0.2059662938117981,0.48508428081618904,0.2059662876735244,0.0,0.0,0.0,0.0,0.0,0.0,0.0,0.0,0.3089494315102866,0.0,0.0,0.0,0.0
7.850666666666666,sil,0.22148603200912476,0.4462849034751923,0.22148603860992308,0.0,0.0,0.0,0.0,0.0,0.0,0.0,0.0,0.3322290579148846,0.0,0.0,0.0,0.0
7.872,sil,0.21439486742019653,0.46401284742317056,0.21439486103073177,0.0,0.0,0.0,0.0,0.0,0.0,0.0,0.0,0.32159229154609764,0.0,0.0,0.0,0.0
7.8933333333333335,sil,0.16884386539459229,0.5778903365135193,0.16884386539459229,0.0,0.0,0.0,0.0,0.0,0.0,0.0,0.0,0.2532657980918884,0.0,0.0,0.0,0.0
7.914666666666666,sil,0.167641282081604,0.58089679479599,0.167641282081604,0.0,0.0,0.0,0.0,0.0,0.0,0.0,0.0,0.251461923122406,0.0,0.0,0.0,0.0
7.936,sil,0.0,0.8601998347103547,0.05592006611585814,0.0,0.0,0.0,0.0,0.0,0.0,0.0,0.0,0.0838800991737872,0.0,0.0,0.0,0.0
7.957333333333334,sil,0.0,0.0,0.0,0.0,0.0,0.0,0.0,0.0,0.0,0.0,0.0,0.0,0.0,0.0,0.0,0.0
7.978666666666666,sil,0.0,0.0,0.0,0.0,0.0,0.0,0.0,0.0,0.0,0.0,0.0,0.0,0.0,0.0,0.0,0.0
8.0,sil,0.0,0.9022041290341577,0.03911834838633691,0.0,0.0,0.0,0.0,0.0,0.0,0.0,0.0,0.05867752257950537,0.0,0.0,0.0,0.0
8.021333333333333,sil,0.0,0.8941267995276093,0.04234928018895626,0.0,0.0,0.0,0.0,0.0,0.0,0.0,0.0,0.0635239202834344,0.0,0.0,0.0,0.0
8.042666666666667,sil,0.0,0.857652332116733,0.056939067153306815,0.0,0.0,0.0,0.0,0.0,0.0,0.0,0.0,0.08540860072996022,0.0,0.0,0.0,0.0
8.064,sil,0.16353768110275269,0.5911557850586112,0.16353768597655552,0.0,0.0,0.0,0.0,0.0,0.0,0.0,0.0,0.2453065289648333,0.0,0.0,0.0,0.0
8.085333333333333,sil,0.18574213981628418,0.5356446504592896,0.18574213981628418,0.0,0.0,0.0,0.0,0.0,0.0,0.0,0.0,0.27861320972442627,0.0,0.0,0.0,0.0
8.106666666666667,sil,0.18237751722335815,0.5440561933534203,0.18237752265863189,0.0,0.0,0.0,0.0,0.0,0.0,0.0,0.0,0.2735662839879478,0.0,0.0,0.0,0.0
8.128,sil,0.1602497100830078,0.5993757247924805,0.1602497100830078,0.0,0.0,0.0,0.0,0.0,0.0,0.0,0.0,0.24037456512451172,0.0,0.0,0.0,0.0
8.149333333333333,sil,0.1659257411956787,0.5851856470108032,0.1659257411956787,0.0,0.0,0.0,0.0,0.0,0.0,0.0,0.0,0.24888861179351807,0.0,0.0,0.0,0.0
8.170666666666667,sil,0.16348189115524292,0.5912952599315423,0.16348189602738308,0.0,0.0,0.0,0.0,0.0,0.0,0.0,0.0,0.24522284404107464,0.0,0.0,0.0,0.0
8.192,sil,0.12838250398635864,0.679043749599345,0.12838250016026198,0.0,0.0,0.0,0.0,0.0,0.0,0.0,0.0,0.19257375024039297,0.0,0.0,0.0,0.0
8.213333333333333,sil,0.10760825872421265,0.7309793451720281,0.10760826193118876,0.0,0.0,0.0,0.0,0.0,0.0,0.0,0.0,0.16141239289678314,0.0,0.0,0.0,0.0
8.234666666666667,sil,0.0,0.7966432571411133,0.08134269714355469,0.0,0.0,0.0,0.0,0.0,0.0,0.0,0.0,0.12201404571533203,0.0,0.0,0.0,0.0
8.256,sil,0.0,0.8173128122892138,0.0730748750843145,0.0,0.0,0.0,0.0,0.0,0.0,0.0,0.0,0.10961231262647174,0.0,0.0,0.0,0.0
8.277333333333333,sil,0.0,0.821939612088788,0.07122415516448484,0.0,0.0,0.0,0.0,0.0,0.0,0.0,0.0,0.10683623274672725,0.0,0.0,0.0,0.0
8.298666666666668,sil,0.0,0.8799726366996765,0.048010945320129395,0.0,0.0,0.0,0.0,0.0,0.0,0.0,0.0,0.07201641798019409,0.0,0.0,0.0,0.0
8.32,sil,0.0,0.9013493984535516,0.03946024061857937,0.0,0.0,0.0,0.0,0.0,0.0,0.0,0.0,0.05919036092786906,0.0,0.0,0.0,0.0
8.341333333333333,sil,0.0,0.0,0.0,0.0,0.0,0.0,0.0,0.0,0.0,0.0,0.0,0.0,0.0,0.0,0.0,0.0
8.362666666666666,sil,0.0,0.0,0.0,0.0,0.0,0.0,0.0,0.0,0.0,0.0,0.0,0.0,0.0,0.0,0.0,0.0
8.384,sil,0.0,0.0,0.0,0.0,0.0,0.0,0.0,0.0,0.0,0.0,0.0,0.0,0.0,0.0,0.0,0.0
8.405333333333333,sil,0.0,0.0,0.0,0.0,0.0,0.0,0.0,0.0,0.0,0.0,0.0,0.0,0.0,0.0,0.0,0.0
8.426666666666666,sil,0.0,0.0,0.0,0.0,0.0,0.0,0.0,0.0,0.0,0.0,0.0,0.0,0.0,0.0,0.0,0.0
8.448,sil,0.0,0.0,0.0,0.0,0.0,0.0,0.0,0.0,0.0,0.0,0.0,0.0,0.0,0.0,0.0,0.0
